iteration,runs,tool,benchmark,benchmarkid,fails,firstfail
1,100,Node.fz,AKA,#1,8,5
2,100,Node.fz,AKA,#1,5,7
3,100,Node.fz,AKA,#1,5,3
4,100,Node.fz,AKA,#1,11,7
5,100,Node.fz,AKA,#1,8,9
6,100,Node.fz,AKA,#1,12,13
7,100,Node.fz,AKA,#1,15,5
8,100,Node.fz,AKA,#1,17,2
9,100,Node.fz,AKA,#1,12,4
10,100,Node.fz,AKA,#1,13,6
11,100,Node.fz,AKA,#1,12,9
12,100,Node.fz,AKA,#1,11,8
13,100,Node.fz,AKA,#1,13,23
14,100,Node.fz,AKA,#1,12,3
15,100,Node.fz,AKA,#1,13,28
16,100,Node.fz,AKA,#1,12,3
17,100,Node.fz,AKA,#1,10,8
18,100,Node.fz,AKA,#1,8,2
19,100,Node.fz,AKA,#1,8,10
20,100,Node.fz,AKA,#1,11,14
21,100,Node.fz,AKA,#1,17,1
22,100,Node.fz,AKA,#1,14,9
23,100,Node.fz,AKA,#1,11,2
24,100,Node.fz,AKA,#1,14,8
25,100,Node.fz,AKA,#1,11,1
26,100,Node.fz,AKA,#1,10,6
27,100,Node.fz,AKA,#1,11,2
28,100,Node.fz,AKA,#1,10,3
29,100,Node.fz,AKA,#1,8,11
30,100,Node.fz,AKA,#1,10,10
1,100,Node.fz,FPS,#2,0,0
2,100,Node.fz,FPS,#2,0,0
3,100,Node.fz,FPS,#2,0,0
4,100,Node.fz,FPS,#2,0,0
5,100,Node.fz,FPS,#2,0,0
6,100,Node.fz,FPS,#2,0,0
7,100,Node.fz,FPS,#2,0,0
8,100,Node.fz,FPS,#2,0,0
9,100,Node.fz,FPS,#2,0,0
10,100,Node.fz,FPS,#2,0,0
11,100,Node.fz,FPS,#2,0,0
12,100,Node.fz,FPS,#2,0,0
13,100,Node.fz,FPS,#2,0,0
14,100,Node.fz,FPS,#2,0,0
15,100,Node.fz,FPS,#2,0,0
16,100,Node.fz,FPS,#2,0,0
17,100,Node.fz,FPS,#2,0,0
18,100,Node.fz,FPS,#2,0,0
19,100,Node.fz,FPS,#2,0,0
20,100,Node.fz,FPS,#2,0,0
21,100,Node.fz,FPS,#2,0,0
22,100,Node.fz,FPS,#2,0,0
23,100,Node.fz,FPS,#2,0,0
24,100,Node.fz,FPS,#2,0,0
25,100,Node.fz,FPS,#2,0,0
26,100,Node.fz,FPS,#2,0,0
27,100,Node.fz,FPS,#2,0,0
28,100,Node.fz,FPS,#2,0,0
29,100,Node.fz,FPS,#2,0,0
30,100,Node.fz,FPS,#2,0,0
1,100,Node.fz,GHO,#3,13,7
2,100,Node.fz,GHO,#3,13,8
3,100,Node.fz,GHO,#3,16,7
4,100,Node.fz,GHO,#3,13,2
5,100,Node.fz,GHO,#3,16,9
6,100,Node.fz,GHO,#3,24,2
7,100,Node.fz,GHO,#3,13,12
8,100,Node.fz,GHO,#3,14,7
9,100,Node.fz,GHO,#3,15,1
10,100,Node.fz,GHO,#3,9,11
11,100,Node.fz,GHO,#3,10,33
12,100,Node.fz,GHO,#3,9,34
13,100,Node.fz,GHO,#3,15,1
14,100,Node.fz,GHO,#3,17,7
15,100,Node.fz,GHO,#3,19,8
16,100,Node.fz,GHO,#3,19,6
17,100,Node.fz,GHO,#3,16,6
18,100,Node.fz,GHO,#3,17,6
19,100,Node.fz,GHO,#3,15,3
20,100,Node.fz,GHO,#3,11,3
21,100,Node.fz,GHO,#3,11,2
22,100,Node.fz,GHO,#3,11,13
23,100,Node.fz,GHO,#3,18,9
24,100,Node.fz,GHO,#3,15,5
25,100,Node.fz,GHO,#3,15,2
26,100,Node.fz,GHO,#3,18,2
27,100,Node.fz,GHO,#3,13,21
28,100,Node.fz,GHO,#3,19,4
29,100,Node.fz,GHO,#3,19,2
30,100,Node.fz,GHO,#3,16,1
1,100,Node.fz,MKD,#4,0,0
2,100,Node.fz,MKD,#4,0,0
3,100,Node.fz,MKD,#4,0,0
4,100,Node.fz,MKD,#4,0,0
5,100,Node.fz,MKD,#4,0,0
6,100,Node.fz,MKD,#4,0,0
7,100,Node.fz,MKD,#4,0,0
8,100,Node.fz,MKD,#4,0,0
9,100,Node.fz,MKD,#4,0,0
10,100,Node.fz,MKD,#4,0,0
11,100,Node.fz,MKD,#4,0,0
12,100,Node.fz,MKD,#4,0,0
13,100,Node.fz,MKD,#4,0,0
14,100,Node.fz,MKD,#4,0,0
15,100,Node.fz,MKD,#4,0,0
16,100,Node.fz,MKD,#4,0,0
17,100,Node.fz,MKD,#4,0,0
18,100,Node.fz,MKD,#4,0,0
19,100,Node.fz,MKD,#4,0,0
20,100,Node.fz,MKD,#4,0,0
21,100,Node.fz,MKD,#4,0,0
22,100,Node.fz,MKD,#4,0,0
23,100,Node.fz,MKD,#4,0,0
24,100,Node.fz,MKD,#4,0,0
25,100,Node.fz,MKD,#4,0,0
26,100,Node.fz,MKD,#4,0,0
27,100,Node.fz,MKD,#4,0,0
28,100,Node.fz,MKD,#4,0,0
29,100,Node.fz,MKD,#4,0,0
30,100,Node.fz,MKD,#4,0,0
1,100,Node.fz,NLF,#6,7,27
2,100,Node.fz,NLF,#6,5,24
3,100,Node.fz,NLF,#6,6,30
4,100,Node.fz,NLF,#6,4,24
5,100,Node.fz,NLF,#6,11,7
6,100,Node.fz,NLF,#6,11,10
7,100,Node.fz,NLF,#6,12,5
8,100,Node.fz,NLF,#6,10,12
9,100,Node.fz,NLF,#6,12,8
10,100,Node.fz,NLF,#6,7,6
11,100,Node.fz,NLF,#6,12,12
12,100,Node.fz,NLF,#6,9,1
13,100,Node.fz,NLF,#6,14,15
14,100,Node.fz,NLF,#6,11,9
15,100,Node.fz,NLF,#6,6,6
16,100,Node.fz,NLF,#6,11,19
17,100,Node.fz,NLF,#6,14,1
18,100,Node.fz,NLF,#6,4,7
19,100,Node.fz,NLF,#6,6,15
20,100,Node.fz,NLF,#6,10,10
21,100,Node.fz,NLF,#6,9,7
22,100,Node.fz,NLF,#6,8,3
23,100,Node.fz,NLF,#6,4,56
24,100,Node.fz,NLF,#6,7,4
25,100,Node.fz,NLF,#6,9,28
26,100,Node.fz,NLF,#6,9,5
27,100,Node.fz,NLF,#6,5,41
28,100,Node.fz,NLF,#6,8,6
29,100,Node.fz,NLF,#6,13,7
30,100,Node.fz,NLF,#6,7,21
1,100,Node.fz,SIO,#7,1,98
2,100,Node.fz,SIO,#7,1,65
3,100,Node.fz,SIO,#7,1,97
4,100,Node.fz,SIO,#7,0,0
5,100,Node.fz,SIO,#7,0,0
6,100,Node.fz,SIO,#7,1,64
7,100,Node.fz,SIO,#7,0,0
8,100,Node.fz,SIO,#7,0,0
9,100,Node.fz,SIO,#7,0,0
10,100,Node.fz,SIO,#7,0,0
11,100,Node.fz,SIO,#7,0,0
12,100,Node.fz,SIO,#7,1,84
13,100,Node.fz,SIO,#7,1,1
14,100,Node.fz,SIO,#7,0,0
15,100,Node.fz,SIO,#7,1,7
16,100,Node.fz,SIO,#7,0,0
17,100,Node.fz,SIO,#7,1,49
18,100,Node.fz,SIO,#7,0,0
19,100,Node.fz,SIO,#7,0,0
20,100,Node.fz,SIO,#7,0,0
21,100,Node.fz,SIO,#7,0,0
22,100,Node.fz,SIO,#7,1,40
23,100,Node.fz,SIO,#7,1,7
24,100,Node.fz,SIO,#7,0,0
25,100,Node.fz,SIO,#7,0,0
26,100,Node.fz,SIO,#7,1,22
27,100,Node.fz,SIO,#7,1,82
28,100,Node.fz,SIO,#7,2,68
29,100,Node.fz,SIO,#7,0,0
30,100,Node.fz,SIO,#7,0,0
1,100,Node.fz,NSC,#10,0,0
2,100,Node.fz,NSC,#10,0,0
3,100,Node.fz,NSC,#10,0,0
4,100,Node.fz,NSC,#10,0,0
5,100,Node.fz,NSC,#10,0,0
6,100,Node.fz,NSC,#10,0,0
7,100,Node.fz,NSC,#10,0,0
8,100,Node.fz,NSC,#10,0,0
9,100,Node.fz,NSC,#10,0,0
10,100,Node.fz,NSC,#10,0,0
11,100,Node.fz,NSC,#10,0,0
12,100,Node.fz,NSC,#10,0,0
13,100,Node.fz,NSC,#10,0,0
14,100,Node.fz,NSC,#10,0,0
15,100,Node.fz,NSC,#10,0,0
16,100,Node.fz,NSC,#10,0,0
17,100,Node.fz,NSC,#10,0,0
18,100,Node.fz,NSC,#10,0,0
19,100,Node.fz,NSC,#10,0,0
20,100,Node.fz,NSC,#10,0,0
21,100,Node.fz,NSC,#10,0,0
22,100,Node.fz,NSC,#10,0,0
23,100,Node.fz,NSC,#10,0,0
24,100,Node.fz,NSC,#10,0,0
25,100,Node.fz,NSC,#10,0,0
26,100,Node.fz,NSC,#10,0,0
27,100,Node.fz,NSC,#10,0,0
28,100,Node.fz,NSC,#10,0,0
29,100,Node.fz,NSC,#10,0,0
30,100,Node.fz,NSC,#10,0,0
1,100,Node.fz,bluebird,#14,25,1
2,100,Node.fz,bluebird,#14,25,1
3,100,Node.fz,bluebird,#14,23,6
4,100,Node.fz,bluebird,#14,11,12
5,100,Node.fz,bluebird,#14,20,8
6,100,Node.fz,bluebird,#14,19,25
7,100,Node.fz,bluebird,#14,17,7
8,100,Node.fz,bluebird,#14,13,2
9,100,Node.fz,bluebird,#14,17,2
10,100,Node.fz,bluebird,#14,20,19
11,100,Node.fz,bluebird,#14,22,1
12,100,Node.fz,bluebird,#14,23,1
13,100,Node.fz,bluebird,#14,14,2
14,100,Node.fz,bluebird,#14,17,14
15,100,Node.fz,bluebird,#14,21,4
16,100,Node.fz,bluebird,#14,25,5
17,100,Node.fz,bluebird,#14,21,7
18,100,Node.fz,bluebird,#14,20,1
19,100,Node.fz,bluebird,#14,14,1
20,100,Node.fz,bluebird,#14,22,3
21,100,Node.fz,bluebird,#14,19,6
22,100,Node.fz,bluebird,#14,16,2
23,100,Node.fz,bluebird,#14,16,3
24,100,Node.fz,bluebird,#14,8,5
25,100,Node.fz,bluebird,#14,21,7
26,100,Node.fz,bluebird,#14,27,3
27,100,Node.fz,bluebird,#14,23,1
28,100,Node.fz,bluebird,#14,17,1
29,100,Node.fz,bluebird,#14,15,20
30,100,Node.fz,bluebird,#14,23,11
1,100,NodeRacer,AKA,#1,62,1
2,100,NodeRacer,AKA,#1,58,2
3,100,NodeRacer,AKA,#1,67,1
4,100,NodeRacer,AKA,#1,56,1
5,100,NodeRacer,AKA,#1,49,1
6,100,NodeRacer,AKA,#1,50,1
7,100,NodeRacer,AKA,#1,57,1
8,100,NodeRacer,AKA,#1,61,1
9,100,NodeRacer,AKA,#1,57,4
10,100,NodeRacer,AKA,#1,55,1
11,100,NodeRacer,AKA,#1,62,1
12,100,NodeRacer,AKA,#1,59,2
13,100,NodeRacer,AKA,#1,63,1
14,100,NodeRacer,AKA,#1,50,3
15,100,NodeRacer,AKA,#1,58,1
16,100,NodeRacer,AKA,#1,56,1
17,100,NodeRacer,AKA,#1,51,2
18,100,NodeRacer,AKA,#1,57,1
19,100,NodeRacer,AKA,#1,56,1
20,100,NodeRacer,AKA,#1,57,1
21,100,NodeRacer,AKA,#1,49,1
22,100,NodeRacer,AKA,#1,54,1
23,100,NodeRacer,AKA,#1,61,4
24,100,NodeRacer,AKA,#1,58,2
25,100,NodeRacer,AKA,#1,58,3
26,100,NodeRacer,AKA,#1,60,1
27,100,NodeRacer,AKA,#1,55,1
28,100,NodeRacer,AKA,#1,65,1
29,100,NodeRacer,AKA,#1,60,7
30,100,NodeRacer,AKA,#1,65,1
1,100,NodeRacer,FPS,#2,50,3
2,100,NodeRacer,FPS,#2,49,3
3,100,NodeRacer,FPS,#2,51,2
4,100,NodeRacer,FPS,#2,45,2
5,100,NodeRacer,FPS,#2,45,3
6,100,NodeRacer,FPS,#2,49,1
7,100,NodeRacer,FPS,#2,50,4
8,100,NodeRacer,FPS,#2,52,1
9,100,NodeRacer,FPS,#2,46,1
10,100,NodeRacer,FPS,#2,48,1
11,100,NodeRacer,FPS,#2,54,1
12,100,NodeRacer,FPS,#2,46,2
13,100,NodeRacer,FPS,#2,54,1
14,100,NodeRacer,FPS,#2,46,4
15,100,NodeRacer,FPS,#2,50,3
16,100,NodeRacer,FPS,#2,43,3
17,100,NodeRacer,FPS,#2,48,2
18,100,NodeRacer,FPS,#2,42,2
19,100,NodeRacer,FPS,#2,48,1
20,100,NodeRacer,FPS,#2,42,2
21,100,NodeRacer,FPS,#2,41,1
22,100,NodeRacer,FPS,#2,49,2
23,100,NodeRacer,FPS,#2,46,2
24,100,NodeRacer,FPS,#2,48,1
25,100,NodeRacer,FPS,#2,51,2
26,100,NodeRacer,FPS,#2,49,3
27,100,NodeRacer,FPS,#2,43,1
28,100,NodeRacer,FPS,#2,46,2
29,100,NodeRacer,FPS,#2,41,3
30,100,NodeRacer,FPS,#2,48,1
1,100,NodeRacer,GHO,#3,92,1
2,100,NodeRacer,GHO,#3,92,1
3,100,NodeRacer,GHO,#3,91,2
4,100,NodeRacer,GHO,#3,92,1
5,100,NodeRacer,GHO,#3,92,1
6,100,NodeRacer,GHO,#3,93,1
7,100,NodeRacer,GHO,#3,94,1
8,100,NodeRacer,GHO,#3,88,1
9,100,NodeRacer,GHO,#3,92,2
10,100,NodeRacer,GHO,#3,93,1
11,100,NodeRacer,GHO,#3,92,1
12,100,NodeRacer,GHO,#3,89,1
13,100,NodeRacer,GHO,#3,92,1
14,100,NodeRacer,GHO,#3,91,1
15,100,NodeRacer,GHO,#3,89,1
16,100,NodeRacer,GHO,#3,93,1
17,100,NodeRacer,GHO,#3,94,1
18,100,NodeRacer,GHO,#3,87,1
19,100,NodeRacer,GHO,#3,95,1
20,100,NodeRacer,GHO,#3,93,1
21,100,NodeRacer,GHO,#3,93,1
22,100,NodeRacer,GHO,#3,90,1
23,100,NodeRacer,GHO,#3,94,1
24,100,NodeRacer,GHO,#3,95,1
25,100,NodeRacer,GHO,#3,90,1
26,100,NodeRacer,GHO,#3,93,1
27,100,NodeRacer,GHO,#3,91,1
28,100,NodeRacer,GHO,#3,88,1
29,100,NodeRacer,GHO,#3,92,1
30,100,NodeRacer,GHO,#3,90,1
1,100,NodeRacer,MKD,#4,40,1
2,100,NodeRacer,MKD,#4,41,2
3,100,NodeRacer,MKD,#4,52,4
4,100,NodeRacer,MKD,#4,51,1
5,100,NodeRacer,MKD,#4,41,5
6,100,NodeRacer,MKD,#4,46,6
7,100,NodeRacer,MKD,#4,45,2
8,100,NodeRacer,MKD,#4,51,4
9,100,NodeRacer,MKD,#4,51,1
10,100,NodeRacer,MKD,#4,41,2
11,100,NodeRacer,MKD,#4,52,1
12,100,NodeRacer,MKD,#4,49,2
13,100,NodeRacer,MKD,#4,52,4
14,100,NodeRacer,MKD,#4,48,2
15,100,NodeRacer,MKD,#4,38,2
16,100,NodeRacer,MKD,#4,43,1
17,100,NodeRacer,MKD,#4,48,1
18,100,NodeRacer,MKD,#4,51,2
19,100,NodeRacer,MKD,#4,45,1
20,100,NodeRacer,MKD,#4,45,1
21,100,NodeRacer,MKD,#4,49,1
22,100,NodeRacer,MKD,#4,47,2
23,100,NodeRacer,MKD,#4,44,3
24,100,NodeRacer,MKD,#4,45,1
25,100,NodeRacer,MKD,#4,39,1
26,100,NodeRacer,MKD,#4,43,1
27,100,NodeRacer,MKD,#4,54,1
28,100,NodeRacer,MKD,#4,44,1
29,100,NodeRacer,MKD,#4,57,2
30,100,NodeRacer,MKD,#4,46,2
1,100,NodeRacer,NES,#5,53,3
2,100,NodeRacer,NES,#5,57,1
3,100,NodeRacer,NES,#5,59,2
4,100,NodeRacer,NES,#5,54,2
5,100,NodeRacer,NES,#5,49,3
6,100,NodeRacer,NES,#5,40,2
7,100,NodeRacer,NES,#5,54,3
8,100,NodeRacer,NES,#5,56,3
9,100,NodeRacer,NES,#5,57,2
10,100,NodeRacer,NES,#5,60,1
11,100,NodeRacer,NES,#5,60,1
12,100,NodeRacer,NES,#5,53,3
13,100,NodeRacer,NES,#5,64,2
14,100,NodeRacer,NES,#5,49,3
15,100,NodeRacer,NES,#5,49,1
16,100,NodeRacer,NES,#5,58,2
17,100,NodeRacer,NES,#5,49,1
18,100,NodeRacer,NES,#5,60,1
19,100,NodeRacer,NES,#5,51,1
20,100,NodeRacer,NES,#5,61,2
21,100,NodeRacer,NES,#5,59,1
22,100,NodeRacer,NES,#5,58,1
23,100,NodeRacer,NES,#5,49,4
24,100,NodeRacer,NES,#5,55,1
25,100,NodeRacer,NES,#5,59,2
26,100,NodeRacer,NES,#5,61,2
27,100,NodeRacer,NES,#5,54,1
28,100,NodeRacer,NES,#5,54,1
29,100,NodeRacer,NES,#5,51,2
30,100,NodeRacer,NES,#5,53,1
1,100,NodeRacer,NLF,#6,86,1
2,100,NodeRacer,NLF,#6,83,1
3,100,NodeRacer,NLF,#6,80,1
4,100,NodeRacer,NLF,#6,86,1
5,100,NodeRacer,NLF,#6,78,1
6,100,NodeRacer,NLF,#6,79,2
7,100,NodeRacer,NLF,#6,87,1
8,100,NodeRacer,NLF,#6,81,1
9,100,NodeRacer,NLF,#6,86,1
10,100,NodeRacer,NLF,#6,84,1
11,100,NodeRacer,NLF,#6,84,1
12,100,NodeRacer,NLF,#6,85,1
13,100,NodeRacer,NLF,#6,80,2
14,100,NodeRacer,NLF,#6,83,1
15,100,NodeRacer,NLF,#6,86,2
16,100,NodeRacer,NLF,#6,82,2
17,100,NodeRacer,NLF,#6,84,1
18,100,NodeRacer,NLF,#6,86,3
19,100,NodeRacer,NLF,#6,82,1
20,100,NodeRacer,NLF,#6,87,1
21,100,NodeRacer,NLF,#6,83,1
22,100,NodeRacer,NLF,#6,84,1
23,100,NodeRacer,NLF,#6,88,1
24,100,NodeRacer,NLF,#6,82,1
25,100,NodeRacer,NLF,#6,84,1
26,100,NodeRacer,NLF,#6,81,1
27,100,NodeRacer,NLF,#6,92,2
28,100,NodeRacer,NLF,#6,87,1
29,100,NodeRacer,NLF,#6,73,1
30,100,NodeRacer,NLF,#6,84,1
1,100,NodeRacer,SIO,#7,18,1
2,100,NodeRacer,SIO,#7,26,4
3,100,NodeRacer,SIO,#7,24,5
4,100,NodeRacer,SIO,#7,16,5
5,100,NodeRacer,SIO,#7,21,2
6,100,NodeRacer,SIO,#7,17,1
7,100,NodeRacer,SIO,#7,16,2
8,100,NodeRacer,SIO,#7,15,11
9,100,NodeRacer,SIO,#7,15,1
10,100,NodeRacer,SIO,#7,17,5
11,100,NodeRacer,SIO,#7,16,5
12,100,NodeRacer,SIO,#7,12,11
13,100,NodeRacer,SIO,#7,16,7
14,100,NodeRacer,SIO,#7,13,11
15,100,NodeRacer,SIO,#7,17,1
16,100,NodeRacer,SIO,#7,12,2
17,100,NodeRacer,SIO,#7,18,5
18,100,NodeRacer,SIO,#7,19,2
19,100,NodeRacer,SIO,#7,18,2
20,100,NodeRacer,SIO,#7,14,8
21,100,NodeRacer,SIO,#7,19,1
22,100,NodeRacer,SIO,#7,21,7
23,100,NodeRacer,SIO,#7,14,3
24,100,NodeRacer,SIO,#7,18,4
25,100,NodeRacer,SIO,#7,26,1
26,100,NodeRacer,SIO,#7,19,1
27,100,NodeRacer,SIO,#7,19,8
28,100,NodeRacer,SIO,#7,18,20
29,100,NodeRacer,SIO,#7,17,6
30,100,NodeRacer,SIO,#7,23,5
1,100,NodeRacer,DEL,#8,20,1
2,100,NodeRacer,DEL,#8,19,2
3,100,NodeRacer,DEL,#8,15,10
4,100,NodeRacer,DEL,#8,20,1
5,100,NodeRacer,DEL,#8,23,1
6,100,NodeRacer,DEL,#8,27,3
7,100,NodeRacer,DEL,#8,10,3
8,100,NodeRacer,DEL,#8,34,2
9,100,NodeRacer,DEL,#8,19,6
10,100,NodeRacer,DEL,#8,20,2
11,100,NodeRacer,DEL,#8,21,3
12,100,NodeRacer,DEL,#8,23,1
13,100,NodeRacer,DEL,#8,12,24
14,100,NodeRacer,DEL,#8,24,1
15,100,NodeRacer,DEL,#8,19,17
16,100,NodeRacer,DEL,#8,21,6
17,100,NodeRacer,DEL,#8,29,4
18,100,NodeRacer,DEL,#8,13,1
19,100,NodeRacer,DEL,#8,20,5
20,100,NodeRacer,DEL,#8,27,1
21,100,NodeRacer,DEL,#8,21,8
22,100,NodeRacer,DEL,#8,20,11
23,100,NodeRacer,DEL,#8,29,1
24,100,NodeRacer,DEL,#8,20,7
25,100,NodeRacer,DEL,#8,22,7
26,100,NodeRacer,DEL,#8,19,7
27,100,NodeRacer,DEL,#8,15,3
28,100,NodeRacer,DEL,#8,19,1
29,100,NodeRacer,DEL,#8,25,3
30,100,NodeRacer,DEL,#8,20,2
1,100,NodeRacer,LST,#9,45,1
2,100,NodeRacer,LST,#9,51,2
3,100,NodeRacer,LST,#9,46,1
4,100,NodeRacer,LST,#9,41,4
5,100,NodeRacer,LST,#9,38,1
6,100,NodeRacer,LST,#9,47,7
7,100,NodeRacer,LST,#9,47,1
8,100,NodeRacer,LST,#9,48,2
9,100,NodeRacer,LST,#9,41,1
10,100,NodeRacer,LST,#9,36,7
11,100,NodeRacer,LST,#9,52,1
12,100,NodeRacer,LST,#9,44,2
13,100,NodeRacer,LST,#9,45,2
14,100,NodeRacer,LST,#9,35,1
15,100,NodeRacer,LST,#9,54,1
16,100,NodeRacer,LST,#9,42,1
17,100,NodeRacer,LST,#9,38,1
18,100,NodeRacer,LST,#9,37,3
19,100,NodeRacer,LST,#9,39,1
20,100,NodeRacer,LST,#9,44,1
21,100,NodeRacer,LST,#9,36,3
22,100,NodeRacer,LST,#9,33,2
23,100,NodeRacer,LST,#9,49,7
24,100,NodeRacer,LST,#9,47,1
25,100,NodeRacer,LST,#9,48,2
26,100,NodeRacer,LST,#9,45,3
27,100,NodeRacer,LST,#9,44,1
28,100,NodeRacer,LST,#9,53,3
29,100,NodeRacer,LST,#9,51,1
30,100,NodeRacer,LST,#9,43,5
1,100,NodeRacer,NSC,#10,84,1
2,100,NodeRacer,NSC,#10,85,1
3,100,NodeRacer,NSC,#10,83,1
4,100,NodeRacer,NSC,#10,83,2
5,100,NodeRacer,NSC,#10,88,1
6,100,NodeRacer,NSC,#10,84,2
7,100,NodeRacer,NSC,#10,81,1
8,100,NodeRacer,NSC,#10,87,1
9,100,NodeRacer,NSC,#10,78,2
10,100,NodeRacer,NSC,#10,92,2
11,100,NodeRacer,NSC,#10,81,1
12,100,NodeRacer,NSC,#10,81,1
13,100,NodeRacer,NSC,#10,83,1
14,100,NodeRacer,NSC,#10,87,1
15,100,NodeRacer,NSC,#10,81,2
16,100,NodeRacer,NSC,#10,81,1
17,100,NodeRacer,NSC,#10,81,1
18,100,NodeRacer,NSC,#10,80,1
19,100,NodeRacer,NSC,#10,86,1
20,100,NodeRacer,NSC,#10,81,1
21,100,NodeRacer,NSC,#10,84,1
22,100,NodeRacer,NSC,#10,88,1
23,100,NodeRacer,NSC,#10,82,1
24,100,NodeRacer,NSC,#10,85,1
25,100,NodeRacer,NSC,#10,87,1
26,100,NodeRacer,NSC,#10,80,1
27,100,NodeRacer,NSC,#10,79,1
28,100,NodeRacer,NSC,#10,84,1
29,100,NodeRacer,NSC,#10,83,1
30,100,NodeRacer,NSC,#10,85,2
1,100,NodeRacer,XLS,#11,52,3
2,100,NodeRacer,XLS,#11,53,3
3,100,NodeRacer,XLS,#11,45,3
4,100,NodeRacer,XLS,#11,51,3
5,100,NodeRacer,XLS,#11,58,1
6,100,NodeRacer,XLS,#11,50,1
7,100,NodeRacer,XLS,#11,47,1
8,100,NodeRacer,XLS,#11,51,1
9,100,NodeRacer,XLS,#11,63,5
10,100,NodeRacer,XLS,#11,56,3
11,100,NodeRacer,XLS,#11,57,2
12,100,NodeRacer,XLS,#11,30,3
13,100,NodeRacer,XLS,#11,61,1
14,100,NodeRacer,XLS,#11,54,1
15,100,NodeRacer,XLS,#11,53,6
16,100,NodeRacer,XLS,#11,46,1
17,100,NodeRacer,XLS,#11,52,1
18,100,NodeRacer,XLS,#11,51,2
19,100,NodeRacer,XLS,#11,56,3
20,100,NodeRacer,XLS,#11,58,1
21,100,NodeRacer,XLS,#11,48,6
22,100,NodeRacer,XLS,#11,49,2
23,100,NodeRacer,XLS,#11,58,2
24,100,NodeRacer,XLS,#11,51,1
25,100,NodeRacer,XLS,#11,56,1
26,100,NodeRacer,XLS,#11,59,1
27,100,NodeRacer,XLS,#11,57,3
28,100,NodeRacer,XLS,#11,49,1
29,100,NodeRacer,XLS,#11,53,2
30,100,NodeRacer,XLS,#11,53,2
1,100,NodeRacer,get-port,#12,46,4
2,100,NodeRacer,get-port,#12,53,1
3,100,NodeRacer,get-port,#12,50,1
4,100,NodeRacer,get-port,#12,47,2
5,100,NodeRacer,get-port,#12,56,3
6,100,NodeRacer,get-port,#12,44,2
7,100,NodeRacer,get-port,#12,52,1
8,100,NodeRacer,get-port,#12,46,2
9,100,NodeRacer,get-port,#12,44,4
10,100,NodeRacer,get-port,#12,58,1
11,100,NodeRacer,get-port,#12,50,3
12,100,NodeRacer,get-port,#12,50,2
13,100,NodeRacer,get-port,#12,40,1
14,100,NodeRacer,get-port,#12,50,1
15,100,NodeRacer,get-port,#12,51,1
16,100,NodeRacer,get-port,#12,42,3
17,100,NodeRacer,get-port,#12,55,1
18,100,NodeRacer,get-port,#12,45,1
19,100,NodeRacer,get-port,#12,45,6
20,100,NodeRacer,get-port,#12,47,1
21,100,NodeRacer,get-port,#12,60,1
22,100,NodeRacer,get-port,#12,54,2
23,100,NodeRacer,get-port,#12,53,2
24,100,NodeRacer,get-port,#12,52,1
25,100,NodeRacer,get-port,#12,49,1
26,100,NodeRacer,get-port,#12,45,3
27,100,NodeRacer,get-port,#12,42,1
28,100,NodeRacer,get-port,#12,48,1
29,100,NodeRacer,get-port,#12,47,1
30,100,NodeRacer,get-port,#12,51,1
1,100,NodeRacer,live-server,#13,26,3
2,100,NodeRacer,live-server,#13,24,2
3,100,NodeRacer,live-server,#13,21,6
4,100,NodeRacer,live-server,#13,21,14
5,100,NodeRacer,live-server,#13,12,11
6,100,NodeRacer,live-server,#13,20,2
7,100,NodeRacer,live-server,#13,29,4
8,100,NodeRacer,live-server,#13,20,3
9,100,NodeRacer,live-server,#13,18,4
10,100,NodeRacer,live-server,#13,16,4
11,100,NodeRacer,live-server,#13,18,6
12,100,NodeRacer,live-server,#13,20,17
13,100,NodeRacer,live-server,#13,22,1
14,100,NodeRacer,live-server,#13,19,31
15,100,NodeRacer,live-server,#13,19,22
16,100,NodeRacer,live-server,#13,26,5
17,100,NodeRacer,live-server,#13,24,1
18,100,NodeRacer,live-server,#13,17,4
19,100,NodeRacer,live-server,#13,14,4
20,100,NodeRacer,live-server,#13,19,17
21,100,NodeRacer,live-server,#13,9,12
22,100,NodeRacer,live-server,#13,19,2
23,100,NodeRacer,live-server,#13,21,3
24,100,NodeRacer,live-server,#13,19,6
25,100,NodeRacer,live-server,#13,17,14
26,100,NodeRacer,live-server,#13,18,4
27,100,NodeRacer,live-server,#13,25,5
28,100,NodeRacer,live-server,#13,18,3
29,100,NodeRacer,live-server,#13,19,5
30,100,NodeRacer,live-server,#13,18,8
1,100,NodeRacer,bluebird,#14,58,4
2,100,NodeRacer,bluebird,#14,69,2
3,100,NodeRacer,bluebird,#14,70,2
4,100,NodeRacer,bluebird,#14,74,2
5,100,NodeRacer,bluebird,#14,70,3
6,100,NodeRacer,bluebird,#14,86,2
7,100,NodeRacer,bluebird,#14,70,1
8,100,NodeRacer,bluebird,#14,87,1
9,100,NodeRacer,bluebird,#14,66,2
10,100,NodeRacer,bluebird,#14,72,1
11,100,NodeRacer,bluebird,#14,88,1
12,100,NodeRacer,bluebird,#14,86,1
13,100,NodeRacer,bluebird,#14,69,1
14,100,NodeRacer,bluebird,#14,71,1
15,100,NodeRacer,bluebird,#14,65,1
16,100,NodeRacer,bluebird,#14,86,2
17,100,NodeRacer,bluebird,#14,75,1
18,100,NodeRacer,bluebird,#14,63,1
19,100,NodeRacer,bluebird,#14,73,1
20,100,NodeRacer,bluebird,#14,60,2
21,100,NodeRacer,bluebird,#14,71,1
22,100,NodeRacer,bluebird,#14,67,1
23,100,NodeRacer,bluebird,#14,73,1
24,100,NodeRacer,bluebird,#14,88,1
25,100,NodeRacer,bluebird,#14,66,1
26,100,NodeRacer,bluebird,#14,90,1
27,100,NodeRacer,bluebird,#14,62,1
28,100,NodeRacer,bluebird,#14,84,1
29,100,NodeRacer,bluebird,#14,69,1
30,100,NodeRacer,bluebird,#14,74,1
1,100,NodeRacer,express-user,#15,61,1
2,100,NodeRacer,express-user,#15,64,2
3,100,NodeRacer,express-user,#15,68,1
4,100,NodeRacer,express-user,#15,60,1
5,100,NodeRacer,express-user,#15,64,1
6,100,NodeRacer,express-user,#15,46,1
7,100,NodeRacer,express-user,#15,64,4
8,100,NodeRacer,express-user,#15,64,1
9,100,NodeRacer,express-user,#15,67,1
10,100,NodeRacer,express-user,#15,64,1
11,100,NodeRacer,express-user,#15,62,1
12,100,NodeRacer,express-user,#15,67,1
13,100,NodeRacer,express-user,#15,62,1
14,100,NodeRacer,express-user,#15,60,1
15,100,NodeRacer,express-user,#15,63,2
16,100,NodeRacer,express-user,#15,63,1
17,100,NodeRacer,express-user,#15,65,3
18,100,NodeRacer,express-user,#15,58,3
19,100,NodeRacer,express-user,#15,62,3
20,100,NodeRacer,express-user,#15,63,1
21,100,NodeRacer,express-user,#15,66,1
22,100,NodeRacer,express-user,#15,64,1
23,100,NodeRacer,express-user,#15,68,2
24,100,NodeRacer,express-user,#15,61,1
25,100,NodeRacer,express-user,#15,61,1
26,100,NodeRacer,express-user,#15,67,1
27,100,NodeRacer,express-user,#15,64,2
28,100,NodeRacer,express-user,#15,57,3
29,100,NodeRacer,express-user,#15,60,1
30,100,NodeRacer,express-user,#15,65,1
1,100,NodeRacer,socket.io-client,#16,50,3
2,100,NodeRacer,socket.io-client,#16,48,3
3,100,NodeRacer,socket.io-client,#16,45,1
4,100,NodeRacer,socket.io-client,#16,52,1
5,100,NodeRacer,socket.io-client,#16,44,1
6,100,NodeRacer,socket.io-client,#16,43,1
7,100,NodeRacer,socket.io-client,#16,56,1
8,100,NodeRacer,socket.io-client,#16,43,1
9,100,NodeRacer,socket.io-client,#16,52,1
10,100,NodeRacer,socket.io-client,#16,52,2
11,100,NodeRacer,socket.io-client,#16,43,2
12,100,NodeRacer,socket.io-client,#16,50,5
13,100,NodeRacer,socket.io-client,#16,50,2
14,100,NodeRacer,socket.io-client,#16,47,2
15,100,NodeRacer,socket.io-client,#16,53,3
16,100,NodeRacer,socket.io-client,#16,47,1
17,100,NodeRacer,socket.io-client,#16,48,2
18,100,NodeRacer,socket.io-client,#16,52,1
19,100,NodeRacer,socket.io-client,#16,51,3
20,100,NodeRacer,socket.io-client,#16,54,2
21,100,NodeRacer,socket.io-client,#16,55,1
22,100,NodeRacer,socket.io-client,#16,46,1
23,100,NodeRacer,socket.io-client,#16,44,1
24,100,NodeRacer,socket.io-client,#16,54,1
25,100,NodeRacer,socket.io-client,#16,46,1
26,100,NodeRacer,socket.io-client,#16,42,2
27,100,NodeRacer,socket.io-client,#16,44,4
28,100,NodeRacer,socket.io-client,#16,59,1
29,100,NodeRacer,socket.io-client,#16,44,2
30,100,NodeRacer,socket.io-client,#16,51,1
1,100,NodeRacer,mongo-express-1,#17,22,1
2,100,NodeRacer,mongo-express-1,#17,18,11
3,100,NodeRacer,mongo-express-1,#17,17,5
4,100,NodeRacer,mongo-express-1,#17,29,3
5,100,NodeRacer,mongo-express-1,#17,23,2
6,100,NodeRacer,mongo-express-1,#17,22,6
7,100,NodeRacer,mongo-express-1,#17,22,3
8,100,NodeRacer,mongo-express-1,#17,20,3
9,100,NodeRacer,mongo-express-1,#17,21,5
10,100,NodeRacer,mongo-express-1,#17,23,6
11,100,NodeRacer,mongo-express-1,#17,22,17
12,100,NodeRacer,mongo-express-1,#17,24,5
13,100,NodeRacer,mongo-express-1,#17,22,16
14,100,NodeRacer,mongo-express-1,#17,21,1
15,100,NodeRacer,mongo-express-1,#17,20,6
16,100,NodeRacer,mongo-express-1,#17,21,4
17,100,NodeRacer,mongo-express-1,#17,24,11
18,100,NodeRacer,mongo-express-1,#17,21,8
19,100,NodeRacer,mongo-express-1,#17,25,4
20,100,NodeRacer,mongo-express-1,#17,26,1
21,100,NodeRacer,mongo-express-1,#17,23,6
22,100,NodeRacer,mongo-express-1,#17,24,5
23,100,NodeRacer,mongo-express-1,#17,20,7
24,100,NodeRacer,mongo-express-1,#17,27,2
25,100,NodeRacer,mongo-express-1,#17,25,4
26,100,NodeRacer,mongo-express-1,#17,25,4
27,100,NodeRacer,mongo-express-1,#17,29,2
28,100,NodeRacer,mongo-express-1,#17,25,3
29,100,NodeRacer,mongo-express-1,#17,23,2
30,100,NodeRacer,mongo-express-1,#17,25,15
1,100,NodeRacer,mongo-express-2,#18,62,3
2,100,NodeRacer,mongo-express-2,#18,64,1
3,100,NodeRacer,mongo-express-2,#18,56,3
4,100,NodeRacer,mongo-express-2,#18,65,3
5,100,NodeRacer,mongo-express-2,#18,62,1
6,100,NodeRacer,mongo-express-2,#18,66,1
7,100,NodeRacer,mongo-express-2,#18,59,1
8,100,NodeRacer,mongo-express-2,#18,70,2
9,100,NodeRacer,mongo-express-2,#18,54,2
10,100,NodeRacer,mongo-express-2,#18,56,1
11,100,NodeRacer,mongo-express-2,#18,49,1
12,100,NodeRacer,mongo-express-2,#18,60,2
13,100,NodeRacer,mongo-express-2,#18,58,2
14,100,NodeRacer,mongo-express-2,#18,59,1
15,100,NodeRacer,mongo-express-2,#18,57,1
16,100,NodeRacer,mongo-express-2,#18,68,1
17,100,NodeRacer,mongo-express-2,#18,73,1
18,100,NodeRacer,mongo-express-2,#18,70,1
19,100,NodeRacer,mongo-express-2,#18,59,1
20,100,NodeRacer,mongo-express-2,#18,65,2
21,100,NodeRacer,mongo-express-2,#18,58,1
22,100,NodeRacer,mongo-express-2,#18,58,4
23,100,NodeRacer,mongo-express-2,#18,64,1
24,100,NodeRacer,mongo-express-2,#18,59,2
25,100,NodeRacer,mongo-express-2,#18,61,2
26,100,NodeRacer,mongo-express-2,#18,55,1
27,100,NodeRacer,mongo-express-2,#18,65,1
28,100,NodeRacer,mongo-express-2,#18,65,2
29,100,NodeRacer,mongo-express-2,#18,61,1
30,100,NodeRacer,mongo-express-2,#18,63,1
1,100,NodeRacer,mongo-express-3,#19,4,32
2,100,NodeRacer,mongo-express-3,#19,5,1
3,100,NodeRacer,mongo-express-3,#19,6,34
4,100,NodeRacer,mongo-express-3,#19,7,11
5,100,NodeRacer,mongo-express-3,#19,5,5
6,100,NodeRacer,mongo-express-3,#19,4,2
7,100,NodeRacer,mongo-express-3,#19,9,9
8,100,NodeRacer,mongo-express-3,#19,5,8
9,100,NodeRacer,mongo-express-3,#19,4,15
10,100,NodeRacer,mongo-express-3,#19,7,6
11,100,NodeRacer,mongo-express-3,#19,1,92
12,100,NodeRacer,mongo-express-3,#19,6,16
13,100,NodeRacer,mongo-express-3,#19,7,7
14,100,NodeRacer,mongo-express-3,#19,6,1
15,100,NodeRacer,mongo-express-3,#19,5,38
16,100,NodeRacer,mongo-express-3,#19,6,15
17,100,NodeRacer,mongo-express-3,#19,7,12
18,100,NodeRacer,mongo-express-3,#19,6,23
19,100,NodeRacer,mongo-express-3,#19,4,1
20,100,NodeRacer,mongo-express-3,#19,7,1
21,100,NodeRacer,mongo-express-3,#19,5,2
22,100,NodeRacer,mongo-express-3,#19,8,9
23,100,NodeRacer,mongo-express-3,#19,6,34
24,100,NodeRacer,mongo-express-3,#19,12,3
25,100,NodeRacer,mongo-express-3,#19,5,40
26,100,NodeRacer,mongo-express-3,#19,3,2
27,100,NodeRacer,mongo-express-3,#19,6,26
28,100,NodeRacer,mongo-express-3,#19,4,2
29,100,NodeRacer,mongo-express-3,#19,1,72
30,100,NodeRacer,mongo-express-3,#19,5,23
1,100,NodeRacer,mongo-express-4,#20,4,20
2,100,NodeRacer,mongo-express-4,#20,9,7
3,100,NodeRacer,mongo-express-4,#20,12,5
4,100,NodeRacer,mongo-express-4,#20,7,54
5,100,NodeRacer,mongo-express-4,#20,12,15
6,100,NodeRacer,mongo-express-4,#20,8,10
7,100,NodeRacer,mongo-express-4,#20,4,14
8,100,NodeRacer,mongo-express-4,#20,4,22
9,100,NodeRacer,mongo-express-4,#20,7,14
10,100,NodeRacer,mongo-express-4,#20,8,5
11,100,NodeRacer,mongo-express-4,#20,9,43
12,100,NodeRacer,mongo-express-4,#20,5,16
13,100,NodeRacer,mongo-express-4,#20,4,4
14,100,NodeRacer,mongo-express-4,#20,6,8
15,100,NodeRacer,mongo-express-4,#20,10,14
16,100,NodeRacer,mongo-express-4,#20,6,15
17,100,NodeRacer,mongo-express-4,#20,5,29
18,100,NodeRacer,mongo-express-4,#20,6,4
19,100,NodeRacer,mongo-express-4,#20,5,2
20,100,NodeRacer,mongo-express-4,#20,3,5
21,100,NodeRacer,mongo-express-4,#20,7,2
22,100,NodeRacer,mongo-express-4,#20,9,13
23,100,NodeRacer,mongo-express-4,#20,8,19
24,100,NodeRacer,mongo-express-4,#20,6,5
25,100,NodeRacer,mongo-express-4,#20,3,47
26,100,NodeRacer,mongo-express-4,#20,5,20
27,100,NodeRacer,mongo-express-4,#20,11,12
28,100,NodeRacer,mongo-express-4,#20,4,1
29,100,NodeRacer,mongo-express-4,#20,5,9
30,100,NodeRacer,mongo-express-4,#20,5,12
1,100,NodeRacer,nedb-1,#21,2,9
2,100,NodeRacer,nedb-1,#21,3,15
3,100,NodeRacer,nedb-1,#21,0,0
4,100,NodeRacer,nedb-1,#21,1,64
5,100,NodeRacer,nedb-1,#21,3,44
6,100,NodeRacer,nedb-1,#21,0,0
7,100,NodeRacer,nedb-1,#21,0,0
8,100,NodeRacer,nedb-1,#21,2,68
9,100,NodeRacer,nedb-1,#21,2,80
10,100,NodeRacer,nedb-1,#21,0,0
11,100,NodeRacer,nedb-1,#21,0,0
12,100,NodeRacer,nedb-1,#21,1,100
13,100,NodeRacer,nedb-1,#21,2,16
14,100,NodeRacer,nedb-1,#21,2,28
15,100,NodeRacer,nedb-1,#21,1,86
16,100,NodeRacer,nedb-1,#21,1,39
17,100,NodeRacer,nedb-1,#21,0,0
18,100,NodeRacer,nedb-1,#21,0,0
19,100,NodeRacer,nedb-1,#21,1,16
20,100,NodeRacer,nedb-1,#21,3,27
21,100,NodeRacer,nedb-1,#21,1,56
22,100,NodeRacer,nedb-1,#21,2,10
23,100,NodeRacer,nedb-1,#21,0,0
24,100,NodeRacer,nedb-1,#21,1,100
25,100,NodeRacer,nedb-1,#21,1,46
26,100,NodeRacer,nedb-1,#21,1,25
27,100,NodeRacer,nedb-1,#21,1,45
28,100,NodeRacer,nedb-1,#21,1,83
29,100,NodeRacer,nedb-1,#21,1,32
30,100,NodeRacer,nedb-1,#21,1,94
1,100,NodeRacer,nedb-2,#22,1,11
2,100,NodeRacer,nedb-2,#22,0,0
3,100,NodeRacer,nedb-2,#22,0,0
4,100,NodeRacer,nedb-2,#22,2,39
5,100,NodeRacer,nedb-2,#22,2,53
6,100,NodeRacer,nedb-2,#22,0,0
7,100,NodeRacer,nedb-2,#22,3,31
8,100,NodeRacer,nedb-2,#22,1,32
9,100,NodeRacer,nedb-2,#22,2,9
10,100,NodeRacer,nedb-2,#22,1,8
11,100,NodeRacer,nedb-2,#22,1,34
12,100,NodeRacer,nedb-2,#22,1,93
13,100,NodeRacer,nedb-2,#22,1,62
14,100,NodeRacer,nedb-2,#22,0,0
15,100,NodeRacer,nedb-2,#22,0,0
16,100,NodeRacer,nedb-2,#22,4,31
17,100,NodeRacer,nedb-2,#22,0,0
18,100,NodeRacer,nedb-2,#22,0,0
19,100,NodeRacer,nedb-2,#22,0,0
20,100,NodeRacer,nedb-2,#22,0,0
21,100,NodeRacer,nedb-2,#22,2,44
22,100,NodeRacer,nedb-2,#22,3,10
23,100,NodeRacer,nedb-2,#22,2,80
24,100,NodeRacer,nedb-2,#22,2,40
25,100,NodeRacer,nedb-2,#22,1,37
26,100,NodeRacer,nedb-2,#22,1,52
27,100,NodeRacer,nedb-2,#22,1,57
28,100,NodeRacer,nedb-2,#22,1,95
29,100,NodeRacer,nedb-2,#22,1,87
30,100,NodeRacer,nedb-2,#22,2,3
1,100,NodeRacer,node-archiver,#23,1,26
2,100,NodeRacer,node-archiver,#23,0,0
3,100,NodeRacer,node-archiver,#23,1,5
4,100,NodeRacer,node-archiver,#23,1,38
5,100,NodeRacer,node-archiver,#23,1,56
6,100,NodeRacer,node-archiver,#23,0,0
7,100,NodeRacer,node-archiver,#23,0,0
8,100,NodeRacer,node-archiver,#23,1,92
9,100,NodeRacer,node-archiver,#23,1,17
10,100,NodeRacer,node-archiver,#23,0,0
11,100,NodeRacer,node-archiver,#23,1,89
12,100,NodeRacer,node-archiver,#23,0,0
13,100,NodeRacer,node-archiver,#23,1,59
14,100,NodeRacer,node-archiver,#23,2,22
15,100,NodeRacer,node-archiver,#23,1,79
16,100,NodeRacer,node-archiver,#23,1,91
17,100,NodeRacer,node-archiver,#23,1,77
18,100,NodeRacer,node-archiver,#23,1,8
19,100,NodeRacer,node-archiver,#23,0,0
20,100,NodeRacer,node-archiver,#23,1,22
21,100,NodeRacer,node-archiver,#23,0,0
22,100,NodeRacer,node-archiver,#23,0,0
23,100,NodeRacer,node-archiver,#23,2,33
24,100,NodeRacer,node-archiver,#23,0,0
25,100,NodeRacer,node-archiver,#23,0,0
26,100,NodeRacer,node-archiver,#23,0,0
27,100,NodeRacer,node-archiver,#23,0,0
28,100,NodeRacer,node-archiver,#23,0,0
29,100,NodeRacer,node-archiver,#23,1,44
30,100,NodeRacer,node-archiver,#23,0,0
1,100,NodeRacer,objection.js,#24,36,1
2,100,NodeRacer,objection.js,#24,38,2
3,100,NodeRacer,objection.js,#24,82,2
4,100,NodeRacer,objection.js,#24,73,2
5,100,NodeRacer,objection.js,#24,78,1
6,100,NodeRacer,objection.js,#24,80,1
7,100,NodeRacer,objection.js,#24,47,1
8,100,NodeRacer,objection.js,#24,57,1
9,100,NodeRacer,objection.js,#24,60,1
10,100,NodeRacer,objection.js,#24,49,2
11,100,NodeRacer,objection.js,#24,76,1
12,100,NodeRacer,objection.js,#24,43,1
13,100,NodeRacer,objection.js,#24,85,1
14,100,NodeRacer,objection.js,#24,56,1
15,100,NodeRacer,objection.js,#24,78,1
16,100,NodeRacer,objection.js,#24,12,1
17,100,NodeRacer,objection.js,#24,48,2
18,100,NodeRacer,objection.js,#24,91,1
19,100,NodeRacer,objection.js,#24,76,1
20,100,NodeRacer,objection.js,#24,64,1
21,100,NodeRacer,objection.js,#24,92,1
22,100,NodeRacer,objection.js,#24,53,3
23,100,NodeRacer,objection.js,#24,40,3
24,100,NodeRacer,objection.js,#24,70,1
25,100,NodeRacer,objection.js,#24,94,1
26,100,NodeRacer,objection.js,#24,93,1
27,100,NodeRacer,objection.js,#24,82,1
28,100,NodeRacer,objection.js,#24,88,1
29,100,NodeRacer,objection.js,#24,42,1
30,100,NodeRacer,objection.js,#24,88,1
1,100,NACD,AKA,#1,77,1
2,100,NACD,AKA,#1,74,4
3,100,NACD,AKA,#1,74,1
4,100,NACD,AKA,#1,74,1
5,100,NACD,AKA,#1,77,1
6,100,NACD,AKA,#1,74,2
7,100,NACD,AKA,#1,65,1
8,100,NACD,AKA,#1,70,1
9,100,NACD,AKA,#1,73,1
10,100,NACD,AKA,#1,70,2
11,100,NACD,AKA,#1,83,1
12,100,NACD,AKA,#1,82,1
13,100,NACD,AKA,#1,66,2
14,100,NACD,AKA,#1,79,1
15,100,NACD,AKA,#1,70,2
16,100,NACD,AKA,#1,63,2
17,100,NACD,AKA,#1,70,1
18,100,NACD,AKA,#1,67,1
19,100,NACD,AKA,#1,74,1
20,100,NACD,AKA,#1,70,4
21,100,NACD,AKA,#1,74,2
22,100,NACD,AKA,#1,78,1
23,100,NACD,AKA,#1,67,1
24,100,NACD,AKA,#1,69,1
25,100,NACD,AKA,#1,67,4
26,100,NACD,AKA,#1,75,1
27,100,NACD,AKA,#1,71,1
28,100,NACD,AKA,#1,72,2
29,100,NACD,AKA,#1,69,2
30,100,NACD,AKA,#1,71,4
1,100,NACD,FPS,#2,84,1
2,100,NACD,FPS,#2,86,1
3,100,NACD,FPS,#2,92,1
4,100,NACD,FPS,#2,88,1
5,100,NACD,FPS,#2,86,1
6,100,NACD,FPS,#2,92,1
7,100,NACD,FPS,#2,84,1
8,100,NACD,FPS,#2,87,1
9,100,NACD,FPS,#2,94,1
10,100,NACD,FPS,#2,90,1
11,100,NACD,FPS,#2,83,1
12,100,NACD,FPS,#2,87,1
13,100,NACD,FPS,#2,88,1
14,100,NACD,FPS,#2,95,1
15,100,NACD,FPS,#2,91,3
16,100,NACD,FPS,#2,86,2
17,100,NACD,FPS,#2,86,1
18,100,NACD,FPS,#2,88,1
19,100,NACD,FPS,#2,89,1
20,100,NACD,FPS,#2,86,1
21,100,NACD,FPS,#2,90,1
22,100,NACD,FPS,#2,86,1
23,100,NACD,FPS,#2,91,1
24,100,NACD,FPS,#2,87,1
25,100,NACD,FPS,#2,87,1
26,100,NACD,FPS,#2,88,2
27,100,NACD,FPS,#2,89,1
28,100,NACD,FPS,#2,84,1
29,100,NACD,FPS,#2,94,1
30,100,NACD,FPS,#2,82,1
1,100,NACD,GHO,#3,95,1
2,100,NACD,GHO,#3,99,1
3,100,NACD,GHO,#3,99,1
4,100,NACD,GHO,#3,99,1
5,100,NACD,GHO,#3,98,1
6,100,NACD,GHO,#3,96,1
7,100,NACD,GHO,#3,99,1
8,100,NACD,GHO,#3,96,1
9,100,NACD,GHO,#3,97,1
10,100,NACD,GHO,#3,96,1
11,100,NACD,GHO,#3,100,1
12,100,NACD,GHO,#3,98,1
13,100,NACD,GHO,#3,97,1
14,100,NACD,GHO,#3,99,1
15,100,NACD,GHO,#3,99,1
16,100,NACD,GHO,#3,97,1
17,100,NACD,GHO,#3,98,1
18,100,NACD,GHO,#3,99,1
19,100,NACD,GHO,#3,98,1
20,100,NACD,GHO,#3,99,1
21,100,NACD,GHO,#3,96,1
22,100,NACD,GHO,#3,97,1
23,100,NACD,GHO,#3,97,1
24,100,NACD,GHO,#3,99,1
25,100,NACD,GHO,#3,100,1
26,100,NACD,GHO,#3,98,1
27,100,NACD,GHO,#3,96,2
28,100,NACD,GHO,#3,99,1
29,100,NACD,GHO,#3,98,1
30,100,NACD,GHO,#3,98,1
1,100,NACD,MKD,#4,91,1
2,100,NACD,MKD,#4,96,1
3,100,NACD,MKD,#4,87,1
4,100,NACD,MKD,#4,92,1
5,100,NACD,MKD,#4,94,1
6,100,NACD,MKD,#4,92,1
7,100,NACD,MKD,#4,96,1
8,100,NACD,MKD,#4,92,1
9,100,NACD,MKD,#4,92,1
10,100,NACD,MKD,#4,96,1
11,100,NACD,MKD,#4,93,1
12,100,NACD,MKD,#4,91,1
13,100,NACD,MKD,#4,94,1
14,100,NACD,MKD,#4,91,1
15,100,NACD,MKD,#4,93,1
16,100,NACD,MKD,#4,93,1
17,100,NACD,MKD,#4,94,1
18,100,NACD,MKD,#4,95,2
19,100,NACD,MKD,#4,94,1
20,100,NACD,MKD,#4,97,1
21,100,NACD,MKD,#4,99,1
22,100,NACD,MKD,#4,96,1
23,100,NACD,MKD,#4,95,1
24,100,NACD,MKD,#4,90,1
25,100,NACD,MKD,#4,96,1
26,100,NACD,MKD,#4,92,1
27,100,NACD,MKD,#4,94,1
28,100,NACD,MKD,#4,93,1
29,100,NACD,MKD,#4,94,1
30,100,NACD,MKD,#4,93,1
1,100,NACD,NES,#5,100,1
2,100,NACD,NES,#5,100,1
3,100,NACD,NES,#5,100,1
4,100,NACD,NES,#5,99,1
5,100,NACD,NES,#5,100,1
6,100,NACD,NES,#5,100,1
7,100,NACD,NES,#5,100,1
8,100,NACD,NES,#5,100,1
9,100,NACD,NES,#5,100,1
10,100,NACD,NES,#5,100,1
11,100,NACD,NES,#5,100,1
12,100,NACD,NES,#5,100,1
13,100,NACD,NES,#5,100,1
14,100,NACD,NES,#5,100,1
15,100,NACD,NES,#5,100,1
16,100,NACD,NES,#5,100,1
17,100,NACD,NES,#5,100,1
18,100,NACD,NES,#5,100,1
19,100,NACD,NES,#5,100,1
20,100,NACD,NES,#5,100,1
21,100,NACD,NES,#5,99,1
22,100,NACD,NES,#5,100,1
23,100,NACD,NES,#5,100,1
24,100,NACD,NES,#5,100,1
25,100,NACD,NES,#5,100,1
26,100,NACD,NES,#5,99,1
27,100,NACD,NES,#5,100,1
28,100,NACD,NES,#5,100,1
29,100,NACD,NES,#5,100,1
30,100,NACD,NES,#5,100,1
1,100,NACD,NLF,#6,83,1
2,100,NACD,NLF,#6,79,1
3,100,NACD,NLF,#6,74,1
4,100,NACD,NLF,#6,69,3
5,100,NACD,NLF,#6,75,1
6,100,NACD,NLF,#6,76,1
7,100,NACD,NLF,#6,79,1
8,100,NACD,NLF,#6,81,2
9,100,NACD,NLF,#6,72,1
10,100,NACD,NLF,#6,75,1
11,100,NACD,NLF,#6,75,1
12,100,NACD,NLF,#6,72,1
13,100,NACD,NLF,#6,71,1
14,100,NACD,NLF,#6,84,3
15,100,NACD,NLF,#6,79,1
16,100,NACD,NLF,#6,77,3
17,100,NACD,NLF,#6,79,1
18,100,NACD,NLF,#6,81,1
19,100,NACD,NLF,#6,80,2
20,100,NACD,NLF,#6,77,1
21,100,NACD,NLF,#6,75,1
22,100,NACD,NLF,#6,72,2
23,100,NACD,NLF,#6,76,1
24,100,NACD,NLF,#6,79,1
25,100,NACD,NLF,#6,74,1
26,100,NACD,NLF,#6,84,2
27,100,NACD,NLF,#6,83,1
28,100,NACD,NLF,#6,70,1
29,100,NACD,NLF,#6,74,1
30,100,NACD,NLF,#6,76,1
1,100,NACD,SIO,#7,84,1
2,100,NACD,SIO,#7,83,1
3,100,NACD,SIO,#7,79,1
4,100,NACD,SIO,#7,82,1
5,100,NACD,SIO,#7,80,1
6,100,NACD,SIO,#7,88,2
7,100,NACD,SIO,#7,85,1
8,100,NACD,SIO,#7,83,1
9,100,NACD,SIO,#7,80,2
10,100,NACD,SIO,#7,84,1
11,100,NACD,SIO,#7,88,1
12,100,NACD,SIO,#7,90,1
13,100,NACD,SIO,#7,88,1
14,100,NACD,SIO,#7,85,1
15,100,NACD,SIO,#7,82,1
16,100,NACD,SIO,#7,87,1
17,100,NACD,SIO,#7,82,1
18,100,NACD,SIO,#7,83,1
19,100,NACD,SIO,#7,86,1
20,100,NACD,SIO,#7,83,1
21,100,NACD,SIO,#7,80,1
22,100,NACD,SIO,#7,85,1
23,100,NACD,SIO,#7,86,1
24,100,NACD,SIO,#7,80,1
25,100,NACD,SIO,#7,81,2
26,100,NACD,SIO,#7,83,1
27,100,NACD,SIO,#7,85,2
28,100,NACD,SIO,#7,88,2
29,100,NACD,SIO,#7,84,1
30,100,NACD,SIO,#7,88,1
1,100,NACD,DEL,#8,43,3
2,100,NACD,DEL,#8,30,1
3,100,NACD,DEL,#8,42,2
4,100,NACD,DEL,#8,46,1
5,100,NACD,DEL,#8,39,2
6,100,NACD,DEL,#8,42,2
7,100,NACD,DEL,#8,35,5
8,100,NACD,DEL,#8,44,4
9,100,NACD,DEL,#8,41,1
10,100,NACD,DEL,#8,45,1
11,100,NACD,DEL,#8,46,1
12,100,NACD,DEL,#8,42,1
13,100,NACD,DEL,#8,41,4
14,100,NACD,DEL,#8,35,10
15,100,NACD,DEL,#8,36,9
16,100,NACD,DEL,#8,38,5
17,100,NACD,DEL,#8,33,1
18,100,NACD,DEL,#8,46,5
19,100,NACD,DEL,#8,42,2
20,100,NACD,DEL,#8,32,1
21,100,NACD,DEL,#8,38,2
22,100,NACD,DEL,#8,42,1
23,100,NACD,DEL,#8,49,1
24,100,NACD,DEL,#8,45,1
25,100,NACD,DEL,#8,43,2
26,100,NACD,DEL,#8,38,2
27,100,NACD,DEL,#8,40,3
28,100,NACD,DEL,#8,46,2
29,100,NACD,DEL,#8,41,4
30,100,NACD,DEL,#8,40,12
1,100,NACD,LST,#9,60,2
2,100,NACD,LST,#9,53,2
3,100,NACD,LST,#9,61,1
4,100,NACD,LST,#9,50,2
5,100,NACD,LST,#9,55,1
6,100,NACD,LST,#9,66,1
7,100,NACD,LST,#9,57,1
8,100,NACD,LST,#9,51,1
9,100,NACD,LST,#9,54,3
10,100,NACD,LST,#9,58,1
11,100,NACD,LST,#9,57,1
12,100,NACD,LST,#9,55,2
13,100,NACD,LST,#9,61,3
14,100,NACD,LST,#9,53,1
15,100,NACD,LST,#9,58,2
16,100,NACD,LST,#9,55,2
17,100,NACD,LST,#9,59,3
18,100,NACD,LST,#9,57,2
19,100,NACD,LST,#9,65,1
20,100,NACD,LST,#9,55,1
21,100,NACD,LST,#9,53,3
22,100,NACD,LST,#9,60,2
23,100,NACD,LST,#9,56,3
24,100,NACD,LST,#9,59,2
25,100,NACD,LST,#9,65,2
26,100,NACD,LST,#9,53,4
27,100,NACD,LST,#9,62,2
28,100,NACD,LST,#9,61,3
29,100,NACD,LST,#9,63,1
30,100,NACD,LST,#9,58,1
1,100,NACD,NSC,#10,68,1
2,100,NACD,NSC,#10,61,2
3,100,NACD,NSC,#10,63,1
4,100,NACD,NSC,#10,60,1
5,100,NACD,NSC,#10,64,1
6,100,NACD,NSC,#10,63,1
7,100,NACD,NSC,#10,61,1
8,100,NACD,NSC,#10,62,2
9,100,NACD,NSC,#10,69,1
10,100,NACD,NSC,#10,74,1
11,100,NACD,NSC,#10,67,1
12,100,NACD,NSC,#10,64,1
13,100,NACD,NSC,#10,69,1
14,100,NACD,NSC,#10,70,2
15,100,NACD,NSC,#10,62,1
16,100,NACD,NSC,#10,62,2
17,100,NACD,NSC,#10,68,2
18,100,NACD,NSC,#10,63,1
19,100,NACD,NSC,#10,69,2
20,100,NACD,NSC,#10,55,1
21,100,NACD,NSC,#10,65,3
22,100,NACD,NSC,#10,68,1
23,100,NACD,NSC,#10,65,2
24,100,NACD,NSC,#10,73,3
25,100,NACD,NSC,#10,72,1
26,100,NACD,NSC,#10,69,3
27,100,NACD,NSC,#10,64,1
28,100,NACD,NSC,#10,69,2
29,100,NACD,NSC,#10,60,1
30,100,NACD,NSC,#10,61,1
1,100,NACD,XLS,#11,0,0
2,100,NACD,XLS,#11,0,0
3,100,NACD,XLS,#11,0,0
4,100,NACD,XLS,#11,0,0
5,100,NACD,XLS,#11,0,0
6,100,NACD,XLS,#11,0,0
7,100,NACD,XLS,#11,0,0
8,100,NACD,XLS,#11,0,0
9,100,NACD,XLS,#11,0,0
10,100,NACD,XLS,#11,0,0
11,100,NACD,XLS,#11,0,0
12,100,NACD,XLS,#11,0,0
13,100,NACD,XLS,#11,0,0
14,100,NACD,XLS,#11,0,0
15,100,NACD,XLS,#11,0,0
16,100,NACD,XLS,#11,0,0
17,100,NACD,XLS,#11,0,0
18,100,NACD,XLS,#11,0,0
19,100,NACD,XLS,#11,0,0
20,100,NACD,XLS,#11,0,0
21,100,NACD,XLS,#11,0,0
22,100,NACD,XLS,#11,0,0
23,100,NACD,XLS,#11,0,0
24,100,NACD,XLS,#11,0,0
25,100,NACD,XLS,#11,0,0
26,100,NACD,XLS,#11,1,61
27,100,NACD,XLS,#11,0,0
28,100,NACD,XLS,#11,0,0
29,100,NACD,XLS,#11,1,23
30,100,NACD,XLS,#11,0,0
1,100,NACD,bluebird,#14,81,1
2,100,NACD,bluebird,#14,94,1
3,100,NACD,bluebird,#14,86,1
4,100,NACD,bluebird,#14,84,1
5,100,NACD,bluebird,#14,78,1
6,100,NACD,bluebird,#14,86,2
7,100,NACD,bluebird,#14,88,1
8,100,NACD,bluebird,#14,91,1
9,100,NACD,bluebird,#14,77,1
10,100,NACD,bluebird,#14,82,1
11,100,NACD,bluebird,#14,81,1
12,100,NACD,bluebird,#14,86,1
13,100,NACD,bluebird,#14,89,1
14,100,NACD,bluebird,#14,77,1
15,100,NACD,bluebird,#14,84,1
16,100,NACD,bluebird,#14,90,1
17,100,NACD,bluebird,#14,84,1
18,100,NACD,bluebird,#14,83,1
19,100,NACD,bluebird,#14,84,1
20,100,NACD,bluebird,#14,83,1
21,100,NACD,bluebird,#14,85,2
22,100,NACD,bluebird,#14,83,1
23,100,NACD,bluebird,#14,81,2
24,100,NACD,bluebird,#14,86,1
25,100,NACD,bluebird,#14,84,1
26,100,NACD,bluebird,#14,89,1
27,100,NACD,bluebird,#14,92,1
28,100,NACD,bluebird,#14,84,1
29,100,NACD,bluebird,#14,87,2
30,100,NACD,bluebird,#14,86,1
1,100,NACD,express-user,#15,93,1
2,100,NACD,express-user,#15,87,1
3,100,NACD,express-user,#15,85,1
4,100,NACD,express-user,#15,87,1
5,100,NACD,express-user,#15,92,1
6,100,NACD,express-user,#15,87,1
7,100,NACD,express-user,#15,88,1
8,100,NACD,express-user,#15,89,1
9,100,NACD,express-user,#15,87,1
10,100,NACD,express-user,#15,92,1
11,100,NACD,express-user,#15,89,1
12,100,NACD,express-user,#15,89,3
13,100,NACD,express-user,#15,87,1
14,100,NACD,express-user,#15,87,1
15,100,NACD,express-user,#15,85,1
16,100,NACD,express-user,#15,79,1
17,100,NACD,express-user,#15,87,2
18,100,NACD,express-user,#15,88,1
19,100,NACD,express-user,#15,86,1
20,100,NACD,express-user,#15,76,1
21,100,NACD,express-user,#15,84,2
22,100,NACD,express-user,#15,85,1
23,100,NACD,express-user,#15,89,1
24,100,NACD,express-user,#15,91,1
25,100,NACD,express-user,#15,85,1
26,100,NACD,express-user,#15,91,1
27,100,NACD,express-user,#15,87,1
28,100,NACD,express-user,#15,90,1
29,100,NACD,express-user,#15,92,1
30,100,NACD,express-user,#15,93,1
1,100,NACD,GPT,#12,13,5
2,100,NACD,GPT,#12,13,1
3,100,NACD,GPT,#12,15,6
4,100,NACD,GPT,#12,14,19
5,100,NACD,GPT,#12,13,8
6,100,NACD,GPT,#12,17,12
7,100,NACD,GPT,#12,16,8
8,100,NACD,GPT,#12,12,1
9,100,NACD,GPT,#12,14,9
10,100,NACD,GPT,#12,18,6
11,100,NACD,GPT,#12,19,9
12,100,NACD,GPT,#12,11,12
13,100,NACD,GPT,#12,12,4
14,100,NACD,GPT,#12,10,7
15,100,NACD,GPT,#12,14,6
16,100,NACD,GPT,#12,12,3
17,100,NACD,GPT,#12,14,2
18,100,NACD,GPT,#12,11,14
19,100,NACD,GPT,#12,11,11
20,100,NACD,GPT,#12,20,2
21,100,NACD,GPT,#12,13,8
22,100,NACD,GPT,#12,18,9
23,100,NACD,GPT,#12,16,3
24,100,NACD,GPT,#12,12,1
25,100,NACD,GPT,#12,11,3
26,100,NACD,GPT,#12,16,8
27,100,NACD,GPT,#12,16,16
28,100,NACD,GPT,#12,20,2
29,100,NACD,GPT,#12,12,1
30,100,NACD,GPT,#12,12,8
1,100,NACD,LVS,#13,53,1
2,100,NACD,LVS,#13,51,1
3,100,NACD,LVS,#13,48,1
4,100,NACD,LVS,#13,60,1
5,100,NACD,LVS,#13,48,1
6,100,NACD,LVS,#13,42,1
7,100,NACD,LVS,#13,50,2
8,100,NACD,LVS,#13,49,1
9,100,NACD,LVS,#13,46,1
10,100,NACD,LVS,#13,50,1
11,100,NACD,LVS,#13,58,5
12,100,NACD,LVS,#13,49,1
13,100,NACD,LVS,#13,50,1
14,100,NACD,LVS,#13,51,2
15,100,NACD,LVS,#13,44,4
16,100,NACD,LVS,#13,46,1
17,100,NACD,LVS,#13,47,3
18,100,NACD,LVS,#13,45,1
19,100,NACD,LVS,#13,47,2
20,100,NACD,LVS,#13,53,1
21,100,NACD,LVS,#13,45,2
22,100,NACD,LVS,#13,58,1
23,100,NACD,LVS,#13,52,2
24,100,NACD,LVS,#13,42,7
25,100,NACD,LVS,#13,46,1
26,100,NACD,LVS,#13,49,1
27,100,NACD,LVS,#13,56,6
28,100,NACD,LVS,#13,46,1
29,100,NACD,LVS,#13,47,3
30,100,NACD,LVS,#13,50,2
1,100,NACD,SIOC,#16,27,5
2,100,NACD,SIOC,#16,26,1
3,100,NACD,SIOC,#16,26,2
4,100,NACD,SIOC,#16,29,5
5,100,NACD,SIOC,#16,18,1
6,100,NACD,SIOC,#16,25,2
7,100,NACD,SIOC,#16,30,2
8,100,NACD,SIOC,#16,19,8
9,100,NACD,SIOC,#16,28,6
10,100,NACD,SIOC,#16,26,1
11,100,NACD,SIOC,#16,27,6
12,100,NACD,SIOC,#16,30,2
13,100,NACD,SIOC,#16,24,3
14,100,NACD,SIOC,#16,29,2
15,100,NACD,SIOC,#16,29,7
16,100,NACD,SIOC,#16,19,5
17,100,NACD,SIOC,#16,23,11
18,100,NACD,SIOC,#16,25,1
19,100,NACD,SIOC,#16,28,1
20,100,NACD,SIOC,#16,28,2
21,100,NACD,SIOC,#16,27,3
22,100,NACD,SIOC,#16,20,3
23,100,NACD,SIOC,#16,17,4
24,100,NACD,SIOC,#16,24,2
25,100,NACD,SIOC,#16,23,3
26,100,NACD,SIOC,#16,28,4
27,100,NACD,SIOC,#16,23,10
28,100,NACD,SIOC,#16,30,3
29,100,NACD,SIOC,#16,29,9
30,100,NACD,SIOC,#16,27,2
1,100,NACD,ME1,#17,85,1
2,100,NACD,ME1,#17,89,1
3,100,NACD,ME1,#17,93,1
4,100,NACD,ME1,#17,90,1
5,100,NACD,ME1,#17,90,1
6,100,NACD,ME1,#17,94,1
7,100,NACD,ME1,#17,86,1
8,100,NACD,ME1,#17,88,1
9,100,NACD,ME1,#17,90,1
10,100,NACD,ME1,#17,92,1
11,100,NACD,ME1,#17,86,1
12,100,NACD,ME1,#17,89,1
13,100,NACD,ME1,#17,89,1
14,100,NACD,ME1,#17,97,1
15,100,NACD,ME1,#17,93,1
16,100,NACD,ME1,#17,93,1
17,100,NACD,ME1,#17,95,1
18,100,NACD,ME1,#17,93,1
19,100,NACD,ME1,#17,97,1
20,100,NACD,ME1,#17,90,1
21,100,NACD,ME1,#17,90,1
22,100,NACD,ME1,#17,92,1
23,100,NACD,ME1,#17,83,1
24,100,NACD,ME1,#17,89,2
25,100,NACD,ME1,#17,91,1
26,100,NACD,ME1,#17,88,1
27,100,NACD,ME1,#17,90,1
28,100,NACD,ME1,#17,90,1
29,100,NACD,ME1,#17,95,1
30,100,NACD,ME1,#17,88,1
1,100,NACD,ME2,#18,91,1
2,100,NACD,ME2,#18,96,1
3,100,NACD,ME2,#18,85,1
4,100,NACD,ME2,#18,93,1
5,100,NACD,ME2,#18,87,1
6,100,NACD,ME2,#18,93,1
7,100,NACD,ME2,#18,93,1
8,100,NACD,ME2,#18,92,3
9,100,NACD,ME2,#18,92,2
10,100,NACD,ME2,#18,91,3
11,100,NACD,ME2,#18,92,1
12,100,NACD,ME2,#18,87,1
13,100,NACD,ME2,#18,91,1
14,100,NACD,ME2,#18,89,1
15,100,NACD,ME2,#18,85,1
16,100,NACD,ME2,#18,90,1
17,100,NACD,ME2,#18,94,1
18,100,NACD,ME2,#18,91,2
19,100,NACD,ME2,#18,88,1
20,100,NACD,ME2,#18,89,2
21,100,NACD,ME2,#18,92,1
22,100,NACD,ME2,#18,89,1
23,100,NACD,ME2,#18,95,1
24,100,NACD,ME2,#18,90,1
25,100,NACD,ME2,#18,88,1
26,100,NACD,ME2,#18,93,1
27,100,NACD,ME2,#18,90,1
28,100,NACD,ME2,#18,87,1
29,100,NACD,ME2,#18,91,1
30,100,NACD,ME2,#18,91,1
1,100,NACD,ME3,#19,80,1
2,100,NACD,ME3,#19,82,1
3,100,NACD,ME3,#19,85,2
4,100,NACD,ME3,#19,82,1
5,100,NACD,ME3,#19,85,2
6,100,NACD,ME3,#19,81,3
7,100,NACD,ME3,#19,84,1
8,100,NACD,ME3,#19,87,1
9,100,NACD,ME3,#19,85,1
10,100,NACD,ME3,#19,89,1
11,100,NACD,ME3,#19,81,1
12,100,NACD,ME3,#19,87,1
13,100,NACD,ME3,#19,78,1
14,100,NACD,ME3,#19,88,2
15,100,NACD,ME3,#19,87,1
16,100,NACD,ME3,#19,85,1
17,100,NACD,ME3,#19,84,2
18,100,NACD,ME3,#19,86,1
19,100,NACD,ME3,#19,83,1
20,100,NACD,ME3,#19,83,1
21,100,NACD,ME3,#19,86,1
22,100,NACD,ME3,#19,84,1
23,100,NACD,ME3,#19,81,1
24,100,NACD,ME3,#19,79,1
25,100,NACD,ME3,#19,85,1
26,100,NACD,ME3,#19,81,1
27,100,NACD,ME3,#19,92,1
28,100,NACD,ME3,#19,85,1
29,100,NACD,ME3,#19,84,1
30,100,NACD,ME3,#19,79,1
1,100,NACD,ME4,#20,77,1
2,100,NACD,ME4,#20,82,1
3,100,NACD,ME4,#20,85,1
4,100,NACD,ME4,#20,86,1
5,100,NACD,ME4,#20,86,1
6,100,NACD,ME4,#20,77,1
7,100,NACD,ME4,#20,83,2
8,100,NACD,ME4,#20,88,1
9,100,NACD,ME4,#20,81,2
10,100,NACD,ME4,#20,87,1
11,100,NACD,ME4,#20,87,1
12,100,NACD,ME4,#20,83,3
13,100,NACD,ME4,#20,83,1
14,100,NACD,ME4,#20,89,1
15,100,NACD,ME4,#20,80,1
16,100,NACD,ME4,#20,85,1
17,100,NACD,ME4,#20,80,3
18,100,NACD,ME4,#20,83,1
19,100,NACD,ME4,#20,81,2
20,100,NACD,ME4,#20,82,2
21,100,NACD,ME4,#20,82,1
22,100,NACD,ME4,#20,86,2
23,100,NACD,ME4,#20,87,1
24,100,NACD,ME4,#20,85,1
25,100,NACD,ME4,#20,77,1
26,100,NACD,ME4,#20,80,2
27,100,NACD,ME4,#20,89,1
28,100,NACD,ME4,#20,91,1
29,100,NACD,ME4,#20,81,1
30,100,NACD,ME4,#20,86,1
1,100,NACD,NEDB1,#21,44,1
2,100,NACD,NEDB1,#21,31,5
3,100,NACD,NEDB1,#21,35,1
4,100,NACD,NEDB1,#21,35,1
5,100,NACD,NEDB1,#21,36,5
6,100,NACD,NEDB1,#21,43,2
7,100,NACD,NEDB1,#21,31,1
8,100,NACD,NEDB1,#21,36,4
9,100,NACD,NEDB1,#21,37,8
10,100,NACD,NEDB1,#21,39,2
11,100,NACD,NEDB1,#21,35,1
12,100,NACD,NEDB1,#21,36,10
13,100,NACD,NEDB1,#21,48,5
14,100,NACD,NEDB1,#21,35,2
15,100,NACD,NEDB1,#21,42,7
16,100,NACD,NEDB1,#21,31,1
17,100,NACD,NEDB1,#21,36,1
18,100,NACD,NEDB1,#21,31,12
19,100,NACD,NEDB1,#21,37,1
20,100,NACD,NEDB1,#21,30,3
21,100,NACD,NEDB1,#21,38,4
22,100,NACD,NEDB1,#21,34,5
23,100,NACD,NEDB1,#21,37,1
24,100,NACD,NEDB1,#21,37,3
25,100,NACD,NEDB1,#21,37,7
26,100,NACD,NEDB1,#21,29,7
27,100,NACD,NEDB1,#21,41,5
28,100,NACD,NEDB1,#21,46,4
29,100,NACD,NEDB1,#21,30,7
30,100,NACD,NEDB1,#21,35,1
1,100,NACD,NEDB2,#22,35,1
2,100,NACD,NEDB2,#22,42,1
3,100,NACD,NEDB2,#22,35,4
4,100,NACD,NEDB2,#22,34,2
5,100,NACD,NEDB2,#22,42,2
6,100,NACD,NEDB2,#22,34,3
7,100,NACD,NEDB2,#22,31,2
8,100,NACD,NEDB2,#22,46,1
9,100,NACD,NEDB2,#22,38,9
10,100,NACD,NEDB2,#22,35,3
11,100,NACD,NEDB2,#22,41,4
12,100,NACD,NEDB2,#22,40,2
13,100,NACD,NEDB2,#22,39,1
14,100,NACD,NEDB2,#22,31,10
15,100,NACD,NEDB2,#22,40,2
16,100,NACD,NEDB2,#22,39,1
17,100,NACD,NEDB2,#22,40,2
18,100,NACD,NEDB2,#22,47,1
19,100,NACD,NEDB2,#22,37,6
20,100,NACD,NEDB2,#22,32,1
21,100,NACD,NEDB2,#22,45,8
22,100,NACD,NEDB2,#22,45,2
23,100,NACD,NEDB2,#22,38,3
24,100,NACD,NEDB2,#22,46,3
25,100,NACD,NEDB2,#22,41,4
26,100,NACD,NEDB2,#22,38,1
27,100,NACD,NEDB2,#22,43,6
28,100,NACD,NEDB2,#22,41,3
29,100,NACD,NEDB2,#22,46,1
30,100,NACD,NEDB2,#22,27,2
1,100,NACD,ARC,#23,7,2
2,100,NACD,ARC,#23,9,2
3,100,NACD,ARC,#23,9,3
4,100,NACD,ARC,#23,11,14
5,100,NACD,ARC,#23,10,10
6,100,NACD,ARC,#23,14,8
7,100,NACD,ARC,#23,8,9
8,100,NACD,ARC,#23,10,14
9,100,NACD,ARC,#23,13,7
10,100,NACD,ARC,#23,7,25
11,100,NACD,ARC,#23,8,11
12,100,NACD,ARC,#23,7,3
13,100,NACD,ARC,#23,7,1
14,100,NACD,ARC,#23,9,10
15,100,NACD,ARC,#23,12,21
16,100,NACD,ARC,#23,13,18
17,100,NACD,ARC,#23,10,13
18,100,NACD,ARC,#23,11,3
19,100,NACD,ARC,#23,10,18
20,100,NACD,ARC,#23,16,14
21,100,NACD,ARC,#23,11,8
22,100,NACD,ARC,#23,8,1
23,100,NACD,ARC,#23,13,8
24,100,NACD,ARC,#23,8,6
25,100,NACD,ARC,#23,10,7
26,100,NACD,ARC,#23,8,2
27,100,NACD,ARC,#23,9,9
28,100,NACD,ARC,#23,6,23
29,100,NACD,ARC,#23,15,24
30,100,NACD,ARC,#23,4,20
1,100,NACD,OBJ,#24,0,0
2,100,NACD,OBJ,#24,0,0
3,100,NACD,OBJ,#24,0,0
4,100,NACD,OBJ,#24,0,0
5,100,NACD,OBJ,#24,0,0
6,100,NACD,OBJ,#24,0,0
7,100,NACD,OBJ,#24,0,0
8,100,NACD,OBJ,#24,0,0
9,100,NACD,OBJ,#24,0,0
10,100,NACD,OBJ,#24,0,0
11,100,NACD,OBJ,#24,0,0
12,100,NACD,OBJ,#24,0,0
13,100,NACD,OBJ,#24,0,0
14,100,NACD,OBJ,#24,0,0
15,100,NACD,OBJ,#24,0,0
16,100,NACD,OBJ,#24,0,0
17,100,NACD,OBJ,#24,0,0
18,100,NACD,OBJ,#24,0,0
19,100,NACD,OBJ,#24,0,0
20,100,NACD,OBJ,#24,0,0
21,100,NACD,OBJ,#24,0,0
22,100,NACD,OBJ,#24,0,0
23,100,NACD,OBJ,#24,0,0
24,100,NACD,OBJ,#24,0,0
25,100,NACD,OBJ,#24,0,0
26,100,NACD,OBJ,#24,0,0
27,100,NACD,OBJ,#24,0,0
28,100,NACD,OBJ,#24,0,0
29,100,NACD,OBJ,#24,0,0
30,100,NACD,OBJ,#24,0,0